county_index,township_index,median_income,count_population,count_large_companies,count_parks,count_traffic_lights,municipal_budget,count_breweries,schools_per_10000,municipality_type,count_townhomes
7,0,123449.05,37785.0,9.0,18.0,33.0,89927.99,9.0,1.5879317189360858,urban,56.0
5,1,115068.28,96363.0,8.0,20.0,41.0,38657.75,4.0,0.41509708082977903,rural,38.0
9,2,122436.73,72146.0,5.0,8.0,37.0,40942.86,9.0,0.6930391151276578,urban,25.0
3,3,118320.89,52383.0,14.0,18.0,52.0,82628.78,2.0,1.145409770345341,suburban,69.0
7,4,80629.23,102755.0,13.0,17.0,26.0,103646.8,2.0,0.38927546104812416,rural,54.0
6,5,129320.84,42326.0,12.0,19.0,37.0,45419.68,7.0,1.653829797287719,urban,61.0
4,6,81820.41,80523.0,14.0,17.0,33.0,68774.52,6.0,0.6209406008221254,rural,47.0
8,7,61112.09,51116.0,5.0,3.0,44.0,78953.42,9.0,1.1738007668831676,rural,21.0
9,8,119131.52,35684.0,13.0,19.0,56.0,190636.30000000002,1.0,1.9616634906400627,suburban,65.0
9,9,92322.83,31347.0,16.0,19.0,39.0,189722.5,7.0,1.9140587616039813,urban,44.0
0,10,97955.44,41036.0,11.0,18.0,46.0,77307.6,0.0,1.2184423433083147,urban,69.0
11,11,103297.57,30398.0,10.0,1.0,40.0,50736.11,6.0,1.9738140667149153,urban,30.0
12,12,87714.09,68829.0,6.0,0.0,16.0,83066.91,9.0,1.0170131775850295,urban,29.0
7,13,101705.43,135232.0,6.0,19.0,38.0,72852.18,9.0,0.517628963558921,urban,55.0
8,15,106177.91,50753.0,8.0,13.0,29.0,93583.2,7.0,1.1821961263373595,urban,48.0
0,16,135776.06,98104.0,13.0,16.0,39.0,143495.49,9.0,0.5096632145478268,suburban,78.0
12,17,93376.7,38154.0,12.0,2.0,23.0,44187.65,6.0,1.5725743041358704,rural,26.0
5,18,107098.52,62613.0,15.0,17.0,40.0,86257.67,6.0,0.9582674524459777,rural,64.0
8,19,86274.52,49637.0,5.0,19.0,22.0,88101.65,9.0,1.6117009488889338,urban,62.0
9,20,581354.8,990164.0,10.0,2.0,34.0,120106.34,5.0,0.3534767977829935,rural,48.0
12,21,90029.14,81391.0,9.0,13.0,39.0,53240.77,7.0,0.6143185364475188,rural,32.0
4,23,98178.48,82208.0,14.0,20.0,29.0,85156.48,9.0,0.8514986376021798,rural,76.0
6,24,128278.35,83252.0,9.0,5.0,30.0,119115.67,6.0,0.3603517032623841,rural,37.0
7,26,149726.88,33831.0,10.0,0.0,31.0,64601.62,8.0,1.7735213265939522,rural,44.0
7,27,113734.98,153123.0,11.0,19.0,41.0,54698.39,7.0,0.45714882806632573,suburban,63.0
7,28,119844.73,58436.0,12.0,8.0,40.0,72582.27,7.0,1.1978917105893627,urban,54.0
8,29,126095.69,31705.0,11.0,19.0,22.0,60420.88,8.0,1.2616306576249803,urban,57.0
6,30,102416.05,30409.0,9.0,20.0,39.0,47810.58,2.0,2.301950080568253,suburban,56.0
5,31,124115.43,30503.0,10.0,15.0,27.0,66672.97,0.0,1.6391830311772613,urban,54.0
8,32,109913.4,119407.0,15.0,14.0,33.0,111629.6,9.0,0.41873592000468984,urban,63.0
12,33,101315.11,170391.0,8.0,13.0,38.0,49549.29,7.0,0.23475418302609882,rural,28.0
7,34,77232.94,51567.0,15.0,19.0,22.0,106943.18,8.0,0.7756898791863014,suburban,63.0
4,35,100852.21,83333.0,5.0,19.0,35.0,72608.93,4.0,0.48000192000768,urban,36.0
4,36,89697.21,109710.0,14.0,11.0,42.0,38227.87,30.0,0.45574696928265424,rural,38.0
3,37,101196.16,146440.0,14.0,20.0,36.0,83660.96,3.0,0.4780114722753346,suburban,80.0
1,38,143287.7,33482.0,13.0,18.0,32.0,119585.35,3.0,1.4933397049160744,rural,75.0
6,39,88352.45,48993.0,12.0,20.0,40.0,102585.36,8.0,0.816443165350152,rural,52.0
9,40,80227.48,169284.0,11.0,17.0,48.0,42806.76,0.0,0.35443396895158436,urban,42.0
0,41,103173.42,89604.0,14.0,20.0,19.0,89617.77,7.0,0.6696129637069774,suburban,72.0
6,42,124042.71,35786.0,10.0,19.0,37.0,130264.69,8.0,1.6766333202928518,suburban,70.0
11,43,95849.16,30454.0,5.0,10.0,28.0,66799.27,6.0,1.6418204505155316,rural,28.0
9,44,75073.49,90409.0,10.0,11.0,14.0,76358.11,4.0,0.8848676569810529,rural,55.0
8,45,75773.0,31948.0,12.0,7.0,34.0,86594.29,9.0,1.8780518342306247,rural,44.0
7,46,106761.13,32442.0,5.0,19.0,46.0,37944.57,8.0,1.84945441094877,rural,39.0
7,47,129007.33,58067.0,12.0,17.0,33.0,66245.79,2.0,1.0332891315204848,rural,56.0
4,48,87317.68,30960.0,11.0,19.0,29.0,108450.09,9.0,1.2919896640826873,rural,63.0
4,49,99532.56,94384.0,8.0,15.0,49.0,101454.55,9.0,0.7416511273097135,rural,54.0
9,50,116664.39,49346.0,9.0,15.0,28.0,125749.0,4.0,0.8106026830948809,rural,47.0
9,51,98313.16,89862.0,7.0,4.0,57.0,38074.21,3.0,0.6676904587033452,urban,19.0
6,52,111550.38,30507.0,13.0,18.0,38.0,38241.64,9.0,1.6389681056806635,rural,45.0
5,53,84421.84,31432.0,15.0,20.0,43.0,38278.83,15.0,1.9088826673453805,urban,47.0
9,54,110661.1,83248.0,6.0,3.0,37.0,70099.0,3.0,0.8408610417067077,urban,37.0
8,55,113374.68,75334.0,9.0,18.0,44.0,46439.05,5.0,0.6637109406111451,rural,60.0
2,56,615204.85,152246.0,11.0,20.0,32.0,109375.37,7.0,0.394099023948084,suburban,71.0
10,57,85149.68,109774.0,6.0,19.0,31.0,37944.53,7.0,0.6376737661012627,rural,27.0
4,58,129988.45,30511.0,6.0,8.0,22.0,46871.56,8.0,1.6387532365376423,rural,41.0
4,59,120346.97,33760.0,4.0,20.0,39.0,58458.21,7.0,2.6658767772511847,urban,62.0
9,60,105300.89,30973.0,11.0,12.0,25.0,43177.86,9.0,1.9371710844929453,rural,39.0
8,61,103785.4,67697.0,15.0,10.0,22.0,95325.56,9.0,0.8863021995066251,rural,65.0
9,62,77679.46,144840.0,8.0,7.0,52.0,141826.46,4.0,0.48329190831262087,rural,54.0
5,63,88474.73,138732.0,17.0,16.0,28.0,39429.53,1.0,0.36040711587809593,rural,51.0
5,64,97917.27,120491.0,14.0,16.0,36.0,64744.52,3.0,0.4149687528529102,urban,51.0
2,65,90549.04,72447.0,14.0,17.0,51.0,114182.4,4.0,0.6901597029552639,suburban,69.0
9,66,80308.86,31476.0,7.0,19.0,41.0,68684.63,9.0,1.9062142584826534,rural,57.0
7,67,152813.34,30468.0,12.0,14.0,27.0,39890.97,7.0,1.9692792437967703,rural,58.0
2,68,99127.95,30398.0,10.0,19.0,26.0,105908.48,3.0,1.6448450555957628,suburban,69.0
5,69,91425.18,30687.0,7.0,20.0,51.0,38468.24,9.0,2.2810962296738033,suburban,45.0
7,70,105216.84,124339.0,10.0,19.0,15.0,120135.05,1.0,0.48255173356710285,rural,61.0
6,71,116688.41,37102.0,17.0,20.0,42.0,134645.45,3.0,2.156217993639157,suburban,104.0
5,72,122348.6,69190.0,16.0,14.0,39.0,38396.13,8.0,0.7226477814713109,urban,52.0
7,73,105136.48,33865.0,4.0,4.0,39.0,137970.08,7.0,2.067030857817806,urban,42.0
5,74,106033.03,31777.0,16.0,15.0,45.0,38359.49,7.0,2.2028511187336752,urban,55.0
4,75,108136.24,32108.0,13.0,17.0,38.0,37957.81,7.0,1.5572443004858603,rural,36.0
8,76,106351.89,76526.0,11.0,20.0,26.0,37944.5,2.0,0.7840472519143821,urban,30.0
7,77,119545.89,64482.0,10.0,19.0,34.0,50733.9,0.0,0.9304922303898763,rural,54.0
12,78,100792.81,146410.0,6.0,17.0,20.0,50921.37,9.0,0.40980807321904245,urban,28.0
9,79,99488.88,99518.0,5.0,20.0,47.0,111389.67,8.0,0.5024216724612632,rural,51.0
10,80,106018.59,70987.0,7.0,6.0,28.0,54650.18,4.0,0.5634834547170608,urban,24.0
4,81,138714.93,34170.0,11.0,20.0,39.0,102463.08,6.0,0.877963125548727,rural,59.0
8,82,128912.05,75635.0,6.0,2.0,43.0,37986.33,1.0,0.7932835327559992,urban,18.0
7,83,71842.41,33448.0,14.0,15.0,37.0,72792.17,1.0,2.9897153790959097,suburban,65.0
11,84,137895.88,40047.0,6.0,14.0,22.0,55558.84,7.0,0.49941318950233476,rural,21.0
8,85,84930.12,45497.0,9.0,6.0,50.0,140635.58,10.0,1.538562982174649,rural,58.0
7,86,123492.9,30458.0,9.0,8.0,52.0,85475.64,8.0,1.3132838663077022,rural,37.0
10,87,87057.06,133646.0,6.0,10.0,31.0,37947.19,4.0,0.44894721877197974,rural,14.0
4,88,99829.38,116085.0,12.0,20.0,49.0,83057.82,4.0,0.5168626437524227,urban,66.0
9,89,149685.93,30475.0,10.0,15.0,30.0,51090.02,6.0,1.9688269073010662,rural,57.0
4,91,108742.8,162523.0,11.0,11.0,21.0,42099.98,30.0,0.30764876355961923,urban,39.0
4,92,100337.5,32856.0,14.0,20.0,19.0,47474.53,9.0,2.130508887265644,urban,68.0
1,93,111771.84,58112.0,12.0,20.0,45.0,79392.92,9.0,1.2045704845814977,urban,75.0
5,94,104329.12,120298.0,9.0,10.0,25.0,76275.05,1.0,0.4156345076393622,urban,47.0
4,95,148105.6,51428.0,12.0,19.0,17.0,45571.45,8.0,1.1666796297736641,suburban,67.0
5,96,135264.78,48184.0,10.0,16.0,43.0,79031.14,6.0,0.8301510874979245,rural,48.0
6,97,114818.63,37301.0,16.0,18.0,18.0,38130.86,3.0,1.608535964183266,rural,73.0
9,98,118904.14,155404.0,14.0,4.0,32.0,49264.05,6.0,0.450438856142699,urban,55.0
5,100,105551.41,114448.0,10.0,20.0,22.0,75890.37,8.0,0.43687963092408777,rural,60.0
8,101,121931.22,34358.0,9.0,12.0,38.0,355980.5,27.0,1.4552651493102042,suburban,42.0
9,102,107867.8,141012.0,14.0,15.0,39.0,37946.03,10.0,0.2836638016622699,urban,32.0
8,103,96952.6,150648.0,11.0,4.0,32.0,137874.5,8.0,0.3982794328500876,suburban,50.0
5,104,114300.34,89200.0,16.0,1.0,27.0,122471.69,30.0,0.5605381165919282,rural,56.0
8,105,130089.19,57400.0,11.0,6.0,42.0,128746.57,5.0,1.2195121951219512,urban,60.0
5,106,129344.37,169304.0,12.0,5.0,36.0,123156.28,24.0,0.41345744932192974,rural,65.0
5,107,134821.52,59875.0,17.0,11.0,53.0,41787.63,27.0,1.0020876826722338,urban,56.0
7,108,98880.27,54154.0,10.0,15.0,19.0,98206.3,2.0,1.107951397865347,urban,52.0
5,109,114052.72,99669.0,15.0,20.0,35.0,46774.83,0.0,0.6019925954910754,rural,68.0
8,110,81062.23,41627.0,11.0,12.0,19.0,72895.1,7.0,1.2011434886011483,rural,39.0
11,111,112080.81,38008.0,10.0,3.0,26.0,56610.67,2.0,0.7893075142075352,rural,28.0
8,112,99684.6,30591.0,8.0,16.0,38.0,38353.92,10.0,1.3075741231081037,rural,23.0
8,113,96421.86,60405.0,10.0,18.0,37.0,84352.16,7.0,1.3243936760201969,rural,64.0
8,114,118429.01,30398.0,11.0,20.0,29.0,110279.19,24.0,1.9738140667149153,suburban,62.0
4,115,89654.86,116680.0,16.0,17.0,51.0,94382.71,8.0,0.3428179636612959,urban,63.0
4,116,115851.41,166958.0,17.0,15.0,35.0,49207.78,4.0,0.29947651505168965,suburban,58.0
5,117,99566.52,35123.0,8.0,15.0,31.0,43801.73,9.0,1.7082823221251033,urban,47.0
8,118,92248.42,171208.0,15.0,3.0,51.0,96051.89,3.0,0.2920424279239288,rural,52.0
6,119,112020.31,40636.0,5.0,16.0,43.0,53046.21,0.0,1.968697706467172,rural,41.0
5,120,113806.7,30719.0,7.0,20.0,46.0,38734.72,10.0,1.6276571502978614,rural,41.0
8,121,96092.57,131523.0,7.0,19.0,32.0,38226.4,9.0,0.4561939736776077,rural,32.0
7,122,88288.34,148215.0,8.0,3.0,34.0,122595.56,4.0,0.472286880545154,suburban,45.0
5,123,68329.05,107263.0,16.0,9.0,48.0,128167.26,6.0,0.5593727566821737,urban,58.0
4,124,114970.04,30398.0,3.0,20.0,71.0,76675.53,30.0,1.9738140667149153,suburban,45.0
10,125,67259.9,30398.0,7.0,1.0,23.0,43294.78,6.0,1.6448450555957628,urban,12.0
12,126,74540.84,81946.0,2.0,17.0,29.0,38572.49,10.0,0.6101579088668148,urban,21.0
12,127,93609.48,121114.0,8.0,8.0,30.0,67903.47,2.0,0.33026735142097524,rural,27.0
8,128,117303.99,32873.0,11.0,9.0,40.0,55007.54,9.0,1.5210050801569677,urban,38.0
8,129,114734.1,53755.0,14.0,19.0,30.0,37944.5,10.0,0.9301460329271696,rural,45.0
8,130,105585.03,31945.0,7.0,1.0,37.0,40890.53,8.0,1.8782282047268744,urban,19.0
9,131,122052.64,137986.0,9.0,19.0,50.0,113779.2,3.0,0.43482672155146174,urban,65.0
9,132,140609.17,30578.0,9.0,12.0,38.0,104276.81,9.0,1.3081300281247954,rural,47.0
5,133,80384.42,105640.0,11.0,8.0,38.0,123671.93,24.0,0.473305566073457,rural,52.0
4,134,155287.5,150311.0,14.0,19.0,37.0,45385.6,6.0,0.399172382593423,rural,67.0
8,135,79103.49,124774.0,11.0,13.0,40.0,81675.16,4.0,0.641159215862279,suburban,55.0
5,136,113664.71,143623.0,9.0,13.0,31.0,38097.89,2.0,0.4873871176622129,rural,40.0
7,138,79335.06,164104.0,15.0,19.0,54.0,37944.77,9.0,0.24374786720616196,rural,45.0
5,139,66538.05,34490.0,14.0,20.0,44.0,51222.34,9.0,1.4496955639315743,urban,54.0
10,140,79024.32,30484.0,5.0,11.0,37.0,60808.49,8.0,1.9682456370555046,rural,32.0
4,141,66953.11,30422.0,7.0,20.0,26.0,39931.65,4.0,1.64354743277891,urban,35.0
9,142,105028.45,349503.0,6.0,19.0,28.0,106400.79,10.0,0.6008532115604158,urban,46.0
9,143,87975.56,171201.0,11.0,8.0,25.0,66771.83,10.0,0.23364349507304277,rural,32.0
4,144,102196.48,35878.0,6.0,20.0,15.0,65519.84,10.0,1.9510563576565028,rural,62.0
8,145,72297.41,95777.0,7.0,2.0,37.0,142132.86,1.0,0.6264552032325088,rural,34.0
4,146,96134.97,169974.0,5.0,20.0,41.0,68855.33,7.0,0.41182769129396257,rural,51.0
0,147,118843.99,125722.0,13.0,16.0,38.0,87417.49,8.0,0.55678401552632,rural,69.0
6,148,124060.35,44287.0,23.0,19.0,41.0,84033.59,9.0,1.3547993767922868,suburban,97.0
6,150,354272.5,52888.0,14.0,19.0,26.0,67056.86,7.0,1.1344728482831643,urban,60.0
10,151,66225.83,65392.0,10.0,14.0,30.0,38204.21,7.0,0.9175434303890384,urban,27.0
4,152,52519.55,30477.0,14.0,20.0,43.0,58064.0,5.0,1.968697706467172,suburban,50.0
5,154,106407.36,30805.0,8.0,19.0,48.0,57798.58,5.0,1.6231131309852296,urban,52.0
7,155,106086.63,54638.0,12.0,0.0,31.0,46211.13,6.0,1.09813682784875,rural,38.0
4,156,91320.57,101897.0,11.0,4.0,30.0,92652.1,10.0,0.6869682129994014,suburban,49.0
8,157,92739.48,49228.0,1.0,7.0,24.0,37944.5,10.0,1.2188185585439182,urban,6.0
10,158,94412.85,155997.0,8.0,19.0,30.0,37944.5,5.0,0.19231139060366548,rural,2.0
8,159,150928.47,94420.0,5.0,19.0,31.0,54942.53,8.0,0.8472781190425758,rural,66.0
1,160,138049.92,64279.0,13.0,19.0,42.0,128866.66,0.0,0.9334308249972775,suburban,91.0
2,161,126057.87,41826.0,15.0,19.0,26.0,84533.8,7.0,1.4345144168698896,rural,70.0
5,162,111213.77,34616.0,13.0,18.0,31.0,40284.08,8.0,1.4444187658886065,urban,44.0
9,163,111120.79,68482.0,9.0,13.0,50.0,39680.89,9.0,0.8761426360211443,rural,34.0
0,164,99780.06,30906.0,7.0,19.0,45.0,81350.19,3.0,2.5884941435320004,suburban,69.0
9,165,71697.31,48707.0,9.0,19.0,48.0,44325.97,3.0,1.0265464922906358,rural,39.0
9,167,138364.86,35791.0,9.0,9.0,30.0,77005.44,8.0,1.6763990947444887,rural,55.0
9,168,150540.7,307475.0,15.0,20.0,44.0,205865.2,0.0,0.910643141718839,urban,62.0
10,169,108380.86,74160.0,3.0,13.0,39.0,37944.63,10.0,0.9439050701186623,urban,19.0
3,170,112102.24,104988.0,15.0,19.0,15.0,135275.42,9.0,0.4762449041795253,suburban,69.0
5,171,80910.89,44843.0,12.0,19.0,32.0,75494.24,1.0,0.8920009812010793,urban,40.0
8,172,66523.26,30405.0,8.0,16.0,41.0,39811.9,4.0,1.64446637066272,urban,36.0
6,173,100711.08,30540.0,8.0,19.0,41.0,79055.16,2.0,1.9646365422396856,rural,56.0
8,174,101519.3,142043.0,12.0,17.0,33.0,84453.98,8.0,0.42240729919813014,suburban,59.0
12,175,127529.61,33240.0,11.0,16.0,43.0,37944.5,8.0,2.10589651022864,urban,29.0
9,176,121988.96,53298.0,3.0,17.0,27.0,143507.22,8.0,1.1257458065968704,urban,58.0
9,177,122397.33,54110.0,11.0,11.0,41.0,38487.68,10.0,1.29366106080207,urban,39.0
11,178,90007.13,160263.0,7.0,8.0,41.0,39724.28,4.0,0.3119871710875249,rural,19.0
7,179,145888.28,71877.0,12.0,2.0,22.0,48611.18,3.0,0.695632817173783,urban,44.0
12,180,90473.23,125702.0,5.0,19.0,28.0,40462.06,5.0,0.3977661453278389,rural,34.0
4,181,148516.52,124032.0,12.0,20.0,28.0,39810.39,7.0,0.4837461300309598,suburban,69.0
8,182,125150.26,71531.0,16.0,4.0,23.0,37944.51,9.0,0.5591981099103884,rural,32.0
12,183,127296.62,162029.0,6.0,3.0,29.0,189725.55,4.0,0.3703040813681502,rural,14.0
12,184,72081.91,37540.0,11.0,15.0,39.0,64198.55,2.0,0.7991475759190196,rural,31.0
6,185,97068.22,120563.0,10.0,15.0,33.0,86956.69,4.0,0.33177674742665664,rural,44.0
8,186,104765.09,50816.0,8.0,18.0,32.0,126050.38,7.0,1.1807304785894206,suburban,61.0
6,187,97058.35,164238.0,8.0,15.0,32.0,85900.1,8.0,0.3653234939538962,rural,46.0
8,189,106548.84,109211.0,3.0,18.0,32.0,42594.31,5.0,0.3662634716283158,urban,20.0
5,190,82037.82,63257.0,16.0,20.0,58.0,49659.35,6.0,1.1065968983669792,urban,67.0
9,191,96169.28,99544.0,9.0,0.0,52.0,38077.95,1.0,0.6027485333119023,urban,17.0
8,192,666065.3,101936.0,12.0,20.0,22.0,38165.22,10.0,0.6867053837702088,rural,58.0
5,193,112961.11,156689.0,13.0,16.0,27.0,131859.63,9.0,0.44674482573760765,suburban,78.0
4,194,87572.42,30405.0,10.0,13.0,54.0,81332.49,7.0,2.3022529189278083,rural,51.0
10,195,90173.01,53509.0,8.0,18.0,28.0,189722.5,2.0,1.12130669606982,urban,25.0
5,196,111162.97,60753.0,10.0,11.0,51.0,73122.62,7.0,0.8230046252859942,urban,39.0
10,197,107177.66,171339.0,11.0,0.0,33.0,66842.49,3.0,0.3501829706021396,rural,34.0
6,198,142760.96,32241.0,17.0,2.0,38.0,42189.46,8.0,2.171148537576378,rural,53.0
9,199,122579.86,31856.0,12.0,14.0,41.0,45739.33,10.0,1.8834756403817177,urban,49.0
8,200,97746.78,145897.0,12.0,0.0,39.0,41870.07,1.0,0.4112490318512375,urban,34.0
10,201,51762.5,86693.0,12.0,19.0,30.0,38163.13,1.0,0.34604870058712933,urban,24.0
12,202,70855.13,64145.0,9.0,12.0,42.0,37946.34,1.0,1.247174370566685,rural,25.0
4,203,119038.32,105532.0,16.0,10.0,30.0,40449.94,9.0,0.5685479285903802,urban,58.0
5,204,117418.9,32000.0,14.0,20.0,35.0,38535.94,7.0,1.25,rural,51.0
1,207,140469.8,86490.0,15.0,20.0,38.0,138862.27,18.0,0.46248121170077466,suburban,93.0
4,208,106582.52,32723.0,9.0,18.0,40.0,58816.31,10.0,2.1391681691776427,rural,52.0
8,209,106933.95,42522.0,11.0,16.0,36.0,54157.58,6.0,1.1758619067776679,rural,50.0
9,210,94072.28,48865.0,13.0,16.0,33.0,41265.19,3.0,1.2278727105290084,rural,48.0
7,211,82096.07,33151.0,12.0,20.0,32.0,43226.78,10.0,2.1115501794817653,suburban,57.0
6,213,81707.52,70277.0,9.0,16.0,38.0,38561.53,8.0,0.9960584544018669,rural,39.0
8,214,106002.66,93024.0,10.0,11.0,25.0,38588.54,2.0,0.5374957000343997,urban,27.0
8,215,98506.41,30398.0,1.0,20.0,36.0,56486.17,15.0,2.6317520889532204,rural,42.0
10,216,88945.87,75007.0,5.0,7.0,34.0,44803.94,10.0,0.6666044502513099,urban,17.0
5,217,84753.23,82473.0,5.0,20.0,44.0,89243.01,5.0,1.0912662325852098,rural,65.0
5,218,104555.36,30952.0,11.0,20.0,29.0,38956.01,9.0,1.2923235978288963,urban,43.0
5,219,106630.17,30401.0,12.0,19.0,42.0,38938.49,8.0,1.6446827406993192,urban,43.0
4,220,81378.95,55363.0,11.0,18.0,44.0,44127.06,27.0,1.4450083991113198,suburban,53.0
9,221,132877.68,30398.0,13.0,0.0,32.0,40311.61,5.0,1.3158760444766102,urban,34.0
5,222,85526.98,37461.0,9.0,19.0,45.0,44484.64,9.0,1.601665732361656,rural,48.0
6,223,94346.68,79357.0,15.0,4.0,37.0,37949.58,5.0,1.0081026248472096,rural,43.0
6,224,105384.21,44890.0,12.0,20.0,21.0,225318.2,18.0,0.8910670527957228,rural,49.0
8,225,70575.17,106698.0,12.0,6.0,38.0,59541.86,4.0,0.5623348141483439,rural,37.0
11,226,86868.42,30696.0,13.0,18.0,45.0,38349.62,10.0,1.3031013812874641,urban,31.0
5,227,116083.81,171185.0,8.0,20.0,27.0,127607.04,12.0,0.2920816660338231,rural,70.0
9,228,99679.27,93481.0,8.0,14.0,34.0,51368.18,9.0,0.42789443844203634,rural,29.0
7,229,143297.81,134829.0,10.0,5.0,36.0,116172.76,7.0,0.3708401011651796,rural,60.0
9,230,118734.52,31414.0,10.0,14.0,41.0,44910.0,5.0,1.909976443623862,urban,47.0
5,231,140405.66,39297.0,6.0,18.0,49.0,47780.1,6.0,1.5268341094740057,rural,47.0
7,232,111979.61,84377.0,15.0,15.0,29.0,38127.99,10.0,0.8296099648008343,suburban,56.0
7,233,72629.36,165515.0,6.0,16.0,38.0,94054.84,0.0,0.48333987856085553,rural,45.0
8,234,88901.5,30411.0,8.0,4.0,37.0,41939.7,8.0,1.3153135378645884,urban,18.0
8,236,55164.27,113718.0,9.0,16.0,43.0,39576.66,5.0,0.7034946094725549,rural,33.0
6,237,100276.58,64409.0,15.0,19.0,26.0,191138.1,7.0,1.3973202502755826,rural,67.0
5,238,111489.47,38695.0,9.0,20.0,31.0,41626.84,12.0,1.5505879312572683,urban,53.0
7,239,99731.58,41566.0,8.0,20.0,31.0,57004.36,6.0,0.9623249771447817,suburban,45.0
6,240,109134.59,149238.0,8.0,12.0,30.0,42972.54,3.0,0.40204237526635306,suburban,36.0
4,241,89608.55,31108.0,16.0,1.0,41.0,134068.14,9.0,2.25022502250225,rural,60.0
4,242,90783.01,68258.0,10.0,9.0,53.0,125986.38,5.0,1.1720237920829792,rural,61.0
6,243,84970.35,103781.0,11.0,13.0,33.0,38618.06,7.0,0.5781405074146521,urban,36.0
7,244,73287.83,103959.0,11.0,18.0,42.0,46918.81,2.0,0.6733423753595167,urban,49.0
4,245,98435.79,70548.0,10.0,13.0,31.0,50195.47,7.0,1.1339797017633384,urban,49.0
5,246,101284.37,31327.0,9.0,19.0,35.0,38973.54,9.0,1.9152807482363456,rural,42.0
4,247,134786.45,32303.0,16.0,20.0,35.0,41080.06,10.0,1.2382750828096463,suburban,62.0
11,248,82355.14,30908.0,4.0,20.0,31.0,37945.39,5.0,2.2647858159699754,rural,34.0
12,249,110260.85,81421.0,3.0,17.0,34.0,44226.78,18.0,0.6140921875191904,urban,33.0
5,250,131188.2,37062.0,11.0,16.0,41.0,39505.59,9.0,1.8887269980033456,urban,49.0
6,251,93275.94,145411.0,8.0,11.0,29.0,71624.75,10.0,0.6189352937535676,rural,50.0
7,252,126302.46,155819.0,11.0,18.0,37.0,41581.19,8.0,0.38506215544959216,rural,46.0
6,253,110697.17,40462.0,10.0,14.0,28.0,37952.62,9.0,1.730018288764767,rural,48.0
6,254,102677.98,32280.0,10.0,1.0,39.0,122388.08,10.0,0.929368029739777,rural,36.0
6,255,127798.84,31704.0,16.0,7.0,38.0,38114.88,7.0,1.2616704516780217,rural,36.0
6,256,101540.32,54933.0,10.0,16.0,46.0,38205.39,2.0,1.2742795769391804,rural,41.0
2,257,122707.28,169078.0,12.0,14.0,32.0,143006.94,7.0,0.5914430026378358,suburban,92.0
9,258,104480.57,64686.0,3.0,18.0,42.0,83701.98,6.0,0.6183718269795627,rural,41.0
8,259,135588.75,135308.0,10.0,20.0,39.0,45914.25,9.0,0.2956218405415792,suburban,47.0
8,260,128957.12,39337.0,11.0,1.0,26.0,38195.86,8.0,1.7794951318097465,urban,33.0
9,261,126979.78,32290.0,12.0,11.0,30.0,94736.44,9.0,1.8581604211830287,urban,53.0
6,262,140522.16,30711.0,14.0,19.0,35.0,38473.98,8.0,2.2793136009898736,rural,65.0
8,263,89709.24,62409.0,6.0,9.0,37.0,116181.82,4.0,0.9613997981060424,urban,43.0
11,264,153807.41,58531.0,7.0,0.0,42.0,43021.0,15.0,0.8542481761801439,rural,23.0
4,265,124567.27,32830.0,8.0,20.0,35.0,99609.7,3.0,1.5229972586049345,suburban,70.0
6,266,128521.66,170908.0,9.0,16.0,41.0,120909.48,3.0,0.409577082406909,urban,67.0
4,267,65454.44,34408.0,9.0,16.0,35.0,42423.79,4.0,2.034410602185538,urban,36.0
7,268,112926.24,90779.0,11.0,20.0,40.0,38257.87,3.0,0.6609458134590599,urban,47.0
5,269,106361.2,30398.0,10.0,13.0,25.0,79219.01,24.0,2.302783077834068,rural,51.0
6,270,133534.0,150396.0,9.0,10.0,12.0,133442.47,8.0,0.3324556504162345,rural,57.0
5,271,107092.66,54275.0,7.0,19.0,58.0,414320.7,9.0,1.105481345002303,urban,51.0
7,272,85748.76,43844.0,8.0,20.0,20.0,55379.67,5.0,0.9123255177447313,suburban,48.0
7,273,119322.21,37741.0,16.0,20.0,24.0,39771.52,8.0,1.0598553297474895,suburban,62.0
5,274,85880.04,41419.0,10.0,4.0,46.0,142346.3,9.0,0.9657403607040247,suburban,41.0
7,275,123273.15,37612.0,8.0,8.0,38.0,75259.84,8.0,2.126980750824205,urban,51.0
5,276,111793.39,30398.0,6.0,20.0,29.0,41564.56,7.0,1.6448450555957628,urban,41.0
8,277,54866.99,157558.0,10.0,18.0,33.0,52701.9,9.0,0.38081214536868957,rural,37.0
4,278,110381.77,713461.0,14.0,12.0,32.0,73491.78,4.0,0.392453126379718,urban,51.0
8,279,93218.34,90369.0,11.0,20.0,25.0,83116.52,9.0,0.7746019099469952,urban,61.0
11,280,85084.18,56857.0,8.0,18.0,38.0,46169.32,6.0,0.7035193555762703,rural,28.0
5,281,101546.48,37737.0,13.0,20.0,22.0,37993.37,8.0,2.1199353419720697,suburban,57.0
5,282,111158.16,164707.0,7.0,15.0,39.0,38199.86,8.0,0.36428324236371257,rural,35.0
8,284,88434.48,31171.0,7.0,19.0,34.0,55437.44,4.0,2.2456770716370986,urban,43.0
4,285,513790.19999999995,71932.0,2.0,20.0,38.0,117084.46,9.0,0.8341211143858088,urban,45.0
5,287,93882.1,69188.0,7.0,10.0,28.0,143456.23,8.0,0.7226686708677806,rural,42.0
0,288,114448.35,103515.0,11.0,13.0,39.0,65847.73,10.0,0.869439211708448,rural,71.0
8,289,100474.09,135681.0,12.0,20.0,30.0,120206.65,1.0,0.29480914792786017,suburban,65.0
12,290,82105.48,45803.0,6.0,0.0,33.0,46045.52,7.0,1.091631552518394,rural,18.0
4,292,97276.95,140458.0,12.0,19.0,40.0,43441.16,9.0,0.4983696193880021,rural,69.0
6,293,98421.31,30405.0,9.0,13.0,42.0,75814.6,2.0,2.6311461930603515,rural,55.0
10,294,71336.04,66467.0,0.0,13.0,23.0,102940.61,10.0,0.7522529977281959,rural,17.0
8,295,98871.6,106197.0,9.0,10.0,51.0,67483.38,4.0,0.2824938557586372,urban,25.0
7,296,101871.23,33095.0,11.0,20.0,35.0,77319.72,8.0,1.2086417887898475,suburban,55.0
7,297,121750.37,30540.0,7.0,11.0,37.0,45173.57,4.0,2.619515389652914,urban,47.0
5,298,111191.14,95111.0,10.0,11.0,34.0,41319.29,4.0,0.6308418584601151,urban,35.0
4,300,102660.92,103598.0,11.0,18.0,37.0,143497.23,7.0,0.482634799899612,urban,74.0
10,301,98323.79,73525.0,8.0,15.0,17.0,51823.52,6.0,0.6800408024481469,urban,31.0
5,302,102657.48,55101.0,19.0,18.0,18.0,72254.17,3.0,1.0889094571786355,suburban,71.0
9,303,119165.75,55522.0,6.0,19.0,39.0,90492.5,3.0,0.9005439285328338,rural,46.0
7,304,91348.19,90559.0,9.0,16.0,36.0,50267.48,2.0,0.44170099051447126,rural,36.0
5,305,145600.62,32940.0,11.0,18.0,33.0,41508.45,1.0,1.5179113539769278,urban,55.0
8,306,100881.06,57627.0,9.0,19.0,26.0,46674.93,3.0,1.0411786141912645,rural,47.0
8,307,90172.12,116640.0,5.0,12.0,39.0,143498.19,2.0,0.6001371742112483,rural,58.0
5,308,110633.36,159850.0,15.0,18.0,21.0,47693.07,2.0,0.5004691898654989,suburban,86.0
10,309,75547.98,66566.0,15.0,14.0,30.0,38936.2,2.0,0.6009073701288946,urban,34.0
6,310,114814.99,60075.0,9.0,20.0,35.0,55096.63,3.0,0.6658343736995422,urban,47.0
12,311,102000.98,30398.0,8.0,12.0,30.0,39563.56,30.0,1.6448450555957628,rural,26.0
8,312,137738.18,46820.0,8.0,7.0,38.0,41087.42,5.0,1.0679196924391285,rural,33.0
6,313,128812.75,30802.0,11.0,20.0,41.0,142043.92,10.0,1.947925459385754,suburban,88.0
4,314,97776.95,31593.0,7.0,10.0,31.0,103548.33,8.0,1.8991548760801442,urban,48.0
9,315,111271.76,120817.0,9.0,16.0,33.0,38529.18,0.0,0.24830942665353387,urban,32.0
10,316,100791.28,97426.0,6.0,13.0,35.0,58368.33,6.0,0.41056802085685545,rural,26.0
0,318,148600.66,114126.0,16.0,19.0,29.0,113685.18,7.0,0.4381122618859857,suburban,81.0
11,320,105306.77,34933.0,11.0,19.0,12.0,37944.65,8.0,1.4313113674748805,rural,31.0
12,321,102740.37,62823.0,10.0,12.0,34.0,38009.53,2.0,0.795886856724448,rural,29.0
8,322,113025.73,32682.0,9.0,8.0,30.0,40726.39,7.0,2.141851783856557,urban,40.0
9,324,132480.5,46961.0,9.0,0.0,50.0,42730.23,8.0,1.0647132727156576,urban,19.0
6,325,105981.36,168320.0,15.0,17.0,54.0,73918.61,5.0,0.2970532319391635,suburban,63.0
5,326,124499.71,49799.0,7.0,13.0,30.0,113223.7,2.0,1.4056507158778289,suburban,58.0
9,327,101741.56,37739.0,15.0,7.0,38.0,49909.23,10.0,1.8548451204324439,rural,51.0
4,328,103607.17,56648.0,3.0,14.0,22.0,75893.64,10.0,1.0591724332721366,urban,38.0
5,329,90782.41,71177.0,10.0,19.0,39.0,104586.88,8.0,0.5619792910631243,rural,58.0
9,330,106356.09,47793.0,9.0,15.0,14.0,85956.58,3.0,1.2554139727575166,urban,54.0
10,331,79933.79,161921.0,3.0,7.0,40.0,82475.9,10.0,0.3705510712013883,urban,24.0
5,333,98158.37,146287.0,10.0,17.0,40.0,109753.21,6.0,0.4785114193332285,rural,62.0
9,334,93376.39,32097.0,6.0,5.0,38.0,52255.21,7.0,1.5577779854815093,rural,26.0
6,335,95518.77,163621.0,15.0,18.0,48.0,114996.82,4.0,0.30558424652092336,suburban,80.0
4,336,119798.07,55995.0,10.0,20.0,33.0,51408.01,7.0,1.2501116171086704,suburban,62.0
6,337,85750.76,45918.0,13.0,13.0,49.0,123634.48,5.0,1.3066771200836274,urban,53.0
4,338,117469.19,169993.0,10.0,15.0,25.0,40313.51,10.0,0.1764778549704988,rural,36.0
9,339,69426.3,31274.0,8.0,17.0,30.0,85685.68,7.0,1.5987721429941806,urban,34.0
9,341,104269.45,165140.0,16.0,11.0,46.0,40178.48,4.0,0.3633280852609907,rural,51.0
6,342,87258.81,102072.0,9.0,4.0,29.0,125483.52,10.0,0.6857904224469002,urban,48.0
8,343,88901.03,39574.0,6.0,12.0,23.0,41041.66,7.0,1.010764643452772,urban,18.0
5,344,546216.05,30405.0,9.0,20.0,47.0,134879.52,7.0,1.64446637066272,urban,58.0
11,345,110261.22,30524.0,12.0,4.0,47.0,48672.15,0.0,0.9828331804481719,urban,30.0
4,346,117262.41,30500.0,7.0,14.0,36.0,90268.72,8.0,1.3114754098360657,rural,39.0
8,347,125593.05,76572.0,7.0,18.0,39.0,39767.61,9.0,0.7835762419683435,urban,36.0
7,348,126666.0,104717.0,9.0,18.0,23.0,49266.3,10.0,0.5729728697346181,rural,56.0
5,349,108694.8,31260.0,14.0,9.0,45.0,56493.49,7.0,1.2795905310300704,rural,39.0
4,350,101757.58,31150.0,13.0,0.0,45.0,107083.77,8.0,1.926163723916533,urban,48.0
8,351,143038.75,38661.0,7.0,13.0,49.0,87967.69,2.0,1.2932929825922763,rural,53.0
9,352,140391.76,166993.0,5.0,19.0,16.0,40438.04,7.0,0.23953099830531818,rural,29.0
0,353,581041.2999999999,41989.0,15.0,19.0,50.0,139582.31,5.0,1.190788063540451,suburban,93.0
10,354,85505.21,79208.0,8.0,16.0,29.0,404408.55000000005,6.0,0.37874962125037875,rural,28.0
5,355,132602.34,162019.0,9.0,13.0,14.0,143181.17,1.0,0.37032693696418323,suburban,67.0
8,356,110953.23,138047.0,11.0,19.0,50.0,44330.78,7.0,0.36219548414670366,rural,49.0
6,357,107440.39,32890.0,7.0,16.0,20.0,117026.05,6.0,1.5202189115232594,rural,52.0
4,358,114439.4,123797.0,11.0,16.0,23.0,69048.28,9.0,0.4846644102845788,rural,61.0
9,359,111126.03,90445.0,10.0,3.0,20.0,86117.16,6.0,0.4422577256896456,rural,36.0
4,360,87707.96,30403.0,9.0,20.0,34.0,65756.74,6.0,1.9734894582771438,urban,52.0
4,361,104107.69,167724.0,11.0,19.0,54.0,43542.74,8.0,0.2981087977868403,suburban,46.0
5,362,120723.27,100654.0,13.0,14.0,38.0,131436.22,9.0,0.3974009974765037,rural,60.0
9,363,108913.31,38579.0,13.0,0.0,46.0,56209.62,0.0,1.5552502656885872,rural,34.0
8,364,102313.55,104093.0,10.0,9.0,33.0,38125.91,27.0,0.7685435139730817,suburban,42.0
4,365,76458.5,56473.0,15.0,16.0,19.0,48532.93,8.0,1.2395303950560446,urban,61.0
6,366,485004.0,41308.0,7.0,12.0,51.0,53280.23,7.0,1.452503147090152,urban,39.0
4,367,99592.68,30398.0,16.0,14.0,32.0,38034.49,6.0,1.6448450555957628,urban,38.0
4,368,83778.73,46180.0,10.0,18.0,39.0,37945.62,9.0,1.7323516673884798,rural,43.0
9,369,84571.22,169293.0,9.0,18.0,45.0,143435.07,7.0,0.23627675095839756,suburban,57.0
6,370,118476.75,30398.0,11.0,20.0,46.0,67014.1,7.0,1.9738140667149153,urban,64.0
5,371,131642.76,30459.0,14.0,12.0,23.0,82449.42,4.0,1.3132407498604681,rural,53.0
8,372,118502.95,61440.0,6.0,20.0,35.0,353525.80000000005,9.0,0.6510416666666666,rural,46.0
8,373,93274.52,30671.0,7.0,19.0,37.0,40386.59,15.0,1.6302044276352254,rural,42.0
8,374,82726.79,171333.0,8.0,0.0,37.0,41402.55,2.0,0.29182936153572286,rural,19.0
4,375,132835.33,102560.0,4.0,20.0,40.0,143020.13,9.0,0.39001560062402496,rural,70.0
8,376,93349.75,36804.0,4.0,2.0,58.0,107974.85,7.0,1.0868383871318334,rural,24.0
6,377,103623.66,42766.0,12.0,19.0,33.0,83028.44,10.0,1.1691530655193378,urban,71.0
7,378,79333.95,70162.0,8.0,17.0,21.0,88530.06,6.0,0.7126364698839828,urban,47.0
9,379,74307.77,125312.0,15.0,17.0,37.0,51038.66,7.0,0.3990040858018386,suburban,53.0
4,380,122329.97,32064.0,11.0,19.0,30.0,69705.28,9.0,1.8712574850299402,rural,70.0
6,381,92380.69,62496.0,10.0,20.0,35.0,189729.59999999998,4.0,1.1200716845878136,urban,41.0
6,382,124836.15,33456.0,11.0,18.0,33.0,107234.8,8.0,1.4945002391200384,urban,61.0
9,383,110096.39,71379.0,9.0,5.0,34.0,45628.54,9.0,0.8405833648552096,rural,30.0
11,384,89264.85,153690.0,10.0,2.0,38.0,37959.21,0.0,0.45546229422864204,urban,22.0
4,385,121064.89,93240.0,14.0,17.0,26.0,66269.79,8.0,0.858000858000858,urban,72.0
6,386,104869.54,46303.0,11.0,18.0,48.0,39485.84,9.0,1.2958123663693495,urban,47.0
9,387,107856.47,96161.0,5.0,1.0,26.0,38578.68,6.0,0.41596905190253847,rural,5.0
2,388,84422.32,63039.0,14.0,19.0,34.0,81621.98,9.0,1.2690556639540602,suburban,79.0
4,389,106063.91,93445.0,7.0,20.0,30.0,69498.94,8.0,0.5350741077639253,urban,45.0
8,390,105561.57,31639.0,5.0,18.0,52.0,121281.6,3.0,2.21245930655204,rural,49.0
6,391,119251.11,60826.0,6.0,20.0,39.0,58878.21,9.0,0.9864202808009732,urban,56.0
8,392,62319.53,42251.0,1.0,20.0,32.0,48946.93,1.0,1.8934463089631013,rural,38.0
9,394,98097.57,138341.0,12.0,17.0,27.0,62986.62,6.0,0.36142575230770346,suburban,50.0
8,395,112299.07,31813.0,9.0,7.0,42.0,567814.35,9.0,1.5716845314808412,rural,44.0
1,396,116137.42,114997.0,16.0,17.0,18.0,294138.2,8.0,0.5217527413758619,suburban,76.0
5,397,138946.51,969612.0,5.0,17.0,30.0,135579.48,6.0,0.28877530393600737,urban,56.0
4,398,112101.64,32131.0,11.0,19.0,36.0,37944.68,3.0,1.867355513367153,urban,47.0
9,399,122539.27,155441.0,9.0,18.0,25.0,39509.95,7.0,0.3859985460721432,urban,50.0
5,400,108568.67,82649.0,19.0,19.0,31.0,110841.62,5.0,0.8469551960701278,suburban,89.0
8,401,132750.05,86999.0,12.0,2.0,29.0,51504.96,8.0,0.8046069495051668,rural,54.0
8,402,96600.3,39277.0,8.0,14.0,44.0,104852.15,8.0,2.0368154390610282,urban,50.0
5,403,150948.56,100901.0,14.0,19.0,43.0,116799.03,1.0,0.594642273119196,suburban,84.0
6,404,74757.36,76935.0,8.0,13.0,37.0,62161.45,6.0,0.9098589718593618,rural,38.0
4,405,126141.67,56509.0,15.0,0.0,37.0,40994.03,7.0,0.8848148082606311,urban,46.0
12,406,108099.28,44834.0,5.0,17.0,34.0,67507.38,1.0,0.6691350314493465,rural,33.0
9,408,96709.84,122300.0,10.0,19.0,41.0,80847.04,15.0,0.6541291905151267,suburban,61.0
8,409,127012.9,119613.0,12.0,14.0,42.0,124970.08,10.0,0.41801476428147444,suburban,62.0
9,410,87740.93,84830.0,10.0,14.0,33.0,98617.25,9.0,0.8251797713073205,rural,52.0
4,411,137122.82,31384.0,10.0,5.0,27.0,63477.82,0.0,1.5931684934998727,rural,41.0
11,412,129082.59,40929.0,0.0,12.0,30.0,113606.28,9.0,0.9773021573945124,urban,30.0
9,413,68019.62,34110.0,7.0,5.0,22.0,37944.5,10.0,1.7590149516270888,urban,0.0
5,414,104226.82,81469.0,9.0,16.0,32.0,132522.84,3.0,0.8592225263597196,urban,61.0
9,415,87657.93,56769.0,8.0,8.0,37.0,41031.17,5.0,0.8807623879229861,urban,24.0
9,416,120430.74,33499.0,7.0,19.0,25.0,54160.87,1.0,1.4925818681154661,rural,41.0
4,417,72859.35,160792.0,6.0,20.0,31.0,81938.12,9.0,0.3731528931787651,urban,42.0
10,418,87136.9,30574.0,13.0,6.0,36.0,37944.53,0.0,2.289527049126709,rural,29.0
6,419,121152.05,120013.0,14.0,4.0,24.0,48469.34,30.0,0.666594452267671,rural,60.0
6,420,126630.95,150614.0,13.0,10.0,31.0,62905.32,7.0,0.2655795609969857,rural,53.0
6,421,98052.93,119661.0,9.0,10.0,52.0,107032.23,24.0,0.41784708468089016,urban,51.0
6,422,117363.54,101555.0,13.0,4.0,28.0,81154.12,7.0,0.3938752400177244,suburban,45.0
4,423,154839.9,79897.0,3.0,16.0,33.0,69978.64,6.0,0.7509668698449252,urban,45.0
8,424,75900.47,48521.0,8.0,17.0,28.0,69332.3,7.0,1.0304816471218647,urban,34.0
7,425,90326.07,30417.0,14.0,6.0,46.0,44262.6,4.0,1.9725811223986585,urban,41.0
9,426,84702.36,31629.0,5.0,7.0,44.0,39958.42,10.0,1.5808277213949224,urban,10.0
4,427,119405.71,74273.0,18.0,17.0,39.0,71142.6,3.0,0.5385537140010502,rural,67.0
6,428,110886.78,77521.0,11.0,20.0,31.0,37959.46,5.0,0.7739838237380839,rural,49.0
4,429,109351.85,30398.0,10.0,15.0,28.0,56627.17,10.0,1.9738140667149153,urban,47.0
5,430,68525.73,40997.0,11.0,11.0,28.0,114728.23,4.0,2.195282581652316,rural,64.0
5,431,111324.4,114783.0,10.0,12.0,21.0,48029.61,15.0,0.5227254907085545,rural,42.0
